variable,pvalue
age_categorical,0.46365278703709495
edu_categorical,0.38529747824687965
familytype,0.4237573736699854
female,0.8601372822439173
incomeclass,0.13164987007185938
occupation,0.8117414417825303
profession,0.010663224908854213
