variable,pvalue
age_categorical,0.47820110875277605
edu_categorical,0.3826387559625073
familytype,0.45131334587320754
female,0.8464001302052072
incomeclass,0.12705406218262094
occupation,0.7576042361934914
profession,0.010535967523996518
